Accession,Genotype,Species
AF343633.1_A1,A1,A
AF343609.1_A10,A10,A
AF343643.1_A100,A100,A
GQ415051.1_A101,A101,A
EF155421.1_A102,A102,A
JF965515.1_A103,A103,A
JN562727.1_A104,A104,A
JN990699.1_A105,A105,A
JQ245971.1_A106,A106,A
AF343623.1_A11,A11,A
AY016405.1_A12,A12,A
AF343599.1_A13,A13,A
AF343630.1_A15,A15,A
L24917.1_A16,A16,A
AY016407.1_A18,A18,A
AF343632.1_A19,A19,A
AF343644.1_A20,A20,A
AF343626.1_A21,A21,A
AF343628.1_A22,A22,A
AF343597.1_A23,A23,A
AF343619.1_A24,A24,A
AF343617.1_A25,A25,A
AY016406.1_A28,A28,A
AF343615.1_A29,A29,A
X02316.1_A2,A2,A
AF343596.1_A30,A30,A
AF343583.2_A31,A31,A
AF343584.1_A32,A32,A
AF343625.1_A33,A33,A
AF343634.1_A34,A34,A
AF343588.1_A36,A36,A
AF343614.1_A38,A38,A
AF343637.1_A39,A39,A
AF343641.1_A40,A40,A
AF343600.1_A41,A41,A
AY040232.1_A43,A43,A
AY016409.1_A45,A45,A
AY040235.1_A46,A46,A
AF343607.1_A47,A47,A
AF343598.1_A49,A49,A
AF343635.1_A50,A50,A
AF343585.1_A51,A51,A
AF343592.1_A53,A53,A
AF343612.1_A54,A54,A
AF343621.1_A55,A55,A
AF343610.1_A56,A56,A
AF343622.1_A57,A57,A
AY040236.1_A58,A58,A
AF343611.1_A59,A59,A
AF343627.1_A60,A60,A
AF343601.1_A61,A61,A
AF343618.1_A62,A62,A
AF343636.1_A63,A63,A
AF343629.1_A64,A64,A
AF343586.1_A65,A65,A
AF343640.1_A66,A66,A
AF343603.1_A67,A67,A
AF343591.1_A68,A68,A
AF343589.1_A7,A7,A
AF343587.1_A71,A71,A
AF343602.1_A73,A73,A
AF343631.1_A74,A74,A
AF343639.1_A75,A75,A
AF343624.1_A76,A76,A
AF343608.1_A77,A77,A
AY016408.1_A78,A78,A
AF343594.1_A8,A8,A
AF343593.1_A80,A80,A
AF343606.1_A81,A81,A
AY040233.1_A82,A82,A
AF343642.1_A85,A85,A
AF343590.1_A88,A88,A
M16248.1_A89,A89,A
AF343605.1_A9,A9,A
AF343620.1_A90,A90,A
AF343638.1_A94,A94,A
AF343604.1_A96,A96,A
HQ123444.1_B100,B100,B
JF781500.1_B101,B101,B
JX074053.1_B102,B102,B
JN614996.1_B103,B103,B
FJ445137.1_B104,B104,B
L05355.1_B14,B14,B
AF343645.1_B17,B17,B
AF343653.1_B26,B26,B
AF343654.1_B27,B27,B
AY016403.1_B3,B3,B
AY040241.1_B35,B35,B
AY016401.1_B37,B37,B
AF343655.1_B4,B4,B
AY016404.1_B42,B42,B
AY016400.1_B48,B48,B
AF343651.1_B5,B5,B
AY016398.1_B52,B52,B
AY016402.1_B6,B6,B
AY016399.1_B69,B69,B
AF343646.1_B70,B70,B
AF343650.1_B72,B72,B
AF343649.1_B79,B79,B
AF343647.1_B83,B83,B
AY040240.1_B84,B84,B
AF343648.1_B86,B86,B
AY040237.1_B91,B91,B
AY040238.1_B92,B92,B
AY040239.1_B93,B93,B
AY040242.1_B97,B97,B
AF343652.1_B99,B99,B
GQ323774.1_C10,C10,C
EU840952.2_C11,C11,C
EF077264.1_C12,C12,C
EU081795.1_C13,C13,C
EU081796.1_C14,C14,C
EU081800.1_C15,C15,C
EU081808.1_C16,C16,C
EU081809.1_C17,C17,C
EU590074.1_C18,C18,C
EU697850.1_C19,C19,C
EF077279.1_C1,C1,C
EU697851.1_C20,C20,C
EU752377.1_C21,C21,C
EU752381.1_C22,C22,C
EU752424.1_C23,C23,C
EU752426.1_C24,C24,C
EU752427.1_C25,C25,C
EU752441.1_C26,C26,C
GQ223122.1_C27,C27,C
GQ223134.1_C28,C28,C
FJ615699.1_C29,C29,C
EF077280.1_C2,C2,C
GQ476669.1_C30,C30,C
GU294380.1_C31,C31,C
GU294466.1_C32,C32,C
GU294480.1_C33,C33,C
KM486097.1_C34,C34,C
EU081790.1_C35,C35,C
EF077256.1_C36,C36,C
EF077260.1_C37,C37,C
GU294477.1_C38,C38,C
JN205461.1_C39,C39,C
EF186077.2_C3,C3,C
JN815251.1_C40,C40,C
EU081803.1_C41,C41,C
KJ675505.1_C42,C42,C
EU081807.1_C43,C43,C
EU590061.1_C44,C44,C
EU590064.1_C45,C45,C
FJ869950.1_C46,C46,C
JF519761.1_C47,C47,C
JF519763.1_C48,C48,C
JN798566.1_C49,C49,C
EF582385.1_C4,C4,C
KF688606.1_C50,C50,C
EU743925.1_C51,C51,C
KP282614.1_C54,C54,C
KP890662.1_C57,C57,C
EF582386.1_C5,C5,C
EF582387.1_C6,C6,C
DQ875932.2_C7,C7,C
GQ223227.1_C8,C8,C
GQ223228.1_C9,C9,C